{"critic_neg/advantages/max":2.4748666286468506,"prompt_length/pos/mean":105.18888854980467,"critic/rewards/min":-1,"token/evaluation_and_verification":0.32421875,"critic_pos/score/min":1,"critic_neg/returns/mean":-0.4093239307403565,"perf/total_num_tokens":938372,"prompt_length/pos/min":41,"timing_per_token_ms/adv":1.8192457506869593e-05,"perf/max_memory_allocated_gb":60.95733594894409,"actor/negative_pg_clipfrac_dual":0,"actor/positive_pg_clipfrac_dual":0,"critic/score/mean":-0.01715686358511448,"batch/solve_none":12,"critic_neg/advantages/min":-2.474870204925537,"actor/pg_loss":6.18962583199046e-05,"neg_token/decision_making":3.0603864734299515,"neg_token/maximum_frequency":1.251207729468599,"actor/lr":1e-06,"pos_token/thinking_and_reasoning":4.510204081632653,"token/logical_connectives":60.173828125,"response_length/pos/clip_ratio":0,"actor/action_reward":-0.26404620480595853,"prompt_length/neg/max":226,"actor/pg_clipfrac_upper":0.0001842640640402024,"critic_pos/advantages/min":0.35355237126350403,"_timestamp":1.7641638679068627e+09,"batch/valid":51,"critic_neg/rewards/max":0,"critic/advantages/mean":-0.18158456683158877,"_step":32,"critic/advantages/max":2.4748666286468506,"pos_token/decision_making":2.9081632653061225,"critic_pos/returns/max":2.4748666286468506,"timing_s/reward":33.40544061502442,"neg_token/evaluation_and_verification":0.32608695652173914,"token/decision_making":3.03125,"prompt_length/pos/clip_ratio":0,"critic_pos/score/mean":1,"prompt_length/neg/min":41,"timing_s/update_actor":471.7427921690978,"critic_neg/returns/max":2.4748666286468506,"token/reflection_and_contemplation":0.03515625,"response_length/min":403,"token/concepts_and_theories":0.619140625,"timing_s/ref":60.18449620017782,"_runtime":50720,"timing_s/gen":301.21445616614074,"response_length/clip_ratio":0.2401960790157318,"critic/returns/min":-2.474870204925537,"critic_neg/score/max":0,"perf/throughput":512.0526862377474,"timing_per_token_ms/update_actor":0.5027247106361846,"prompt_length/clip_ratio":0,"token/thinking_and_reasoning":4.2890625,"pos_token/reflection_and_contemplation":0.04081632653061224,"perf/cpu_memory_used_gb":39.30622482299805,"response_length/max":4096,"response_length/pos/mean":1601.63330078125,"perf/time_per_step":916.2846179897896,"batch/solve_all":1,"prompt_length/min":41,"actor/kl_coef":0.001,"critic_pos/rewards/max":1,"prompt_length/neg/clip_ratio":0,"neg_token/repetition_ratio":0.0046014399134307795,"perf/max_memory_reserved_gb":88.1953125,"critic_neg/score/mean":-0.3050314486026764,"critic_pos/advantages/mean":1.000834822654724,"critic_pos/returns/mean":1.000834822654724,"pos_token/repetition_ratio":0.003540429583384062,"pos_token/concepts_and_theories":0.5204081632653061,"neg_token/planning_and_strategy":3.323671497584541,"response_length/neg/clip_ratio":0.30817610025405884,"critic_neg/score/min":-1,"response_length/pos/max":3698,"critic_pos/advantages/max":2.4748666286468506,"response_length/mean":2187.63720703125,"neg_token/logical_connectives":63.58695652173913,"batch/clip_overlong":98,"pos_token/maximum_frequency":1.2959183673469388,"neg_token/reflection_and_contemplation":0.033816425120772944,"critic_neg/returns/min":-2.474870204925537,"timing_s/step":916.2846179897896,"critic/advantages/min":-2.474870204925537,"train/num_gen_batches":1,"neg_token/concepts_and_theories":0.642512077294686,"response_length/pos/min":516,"critic/rewards/mean":-0.01715686358511448,"critic/score/min":-1,"critic/returns/max":2.4748666286468506,"critic_pos/returns/min":0.35355237126350403,"critic_pos/score/max":1,"_wandb":{"runtime":50720},"pos_token/planning_and_strategy":1.479591836734694,"prompt_length/mean":112.29412078857422,"critic/returns/mean":-0.18158456683158877,"pos_token/evaluation_and_verification":0.3163265306122449,"prompt_length/neg/mean":114.3050308227539,"response_length/neg/mean":2353.4873046875,"timing_s/old_log_prob":49.6154179549776,"actor/pg_clipfrac_lower":0.0001000169745179995,"pos_token/logical_connectives":45.755102040816325,"perf/mfu/actor":0.11699712751592144,"timing_s/generate_sequences":296.9940185546875,"prompt_length/pos/max":198,"neg_token/thinking_and_reasoning":4.236714975845411,"response_length/neg/min":403,"critic_neg/advantages/mean":-0.4093239307403565,"token/planning_and_strategy":2.970703125,"critic_pos/rewards/min":1,"critic/score/max":1,"critic_neg/rewards/mean":-0.3050314486026764,"timing_per_token_ms/ref":0.06413713985517239,"actor/kl_loss":0.0046113175339996815,"timing_s/reshard":1.5442166328430176,"critic_neg/rewards/min":-1,"prompt_length/max":226,"timing_per_token_ms/gen":0.3374740141415673,"critic_pos/rewards/mean":1,"actor/entropy":0.5308287143707275,"actor/grad_norm":0.11343966300288837,"token/maximum_frequency":1.259765625,"response_length/neg/max":4096,"critic/rewards/max":1,"timing_s/adv":0.017071292735636234,"token/repetition_ratio":0.004398355904945276}